w,e,b, ,d,e,v,e,l,o,p,m,e,n,t, ,i,s, ,t,h,e, ,b,e,s,t, ,j,o,b, ,i,n, ,t,h,e
w,o,r,l,d, ,y,o,u, ,b,u,i,l,d, ,o,n, ,a, ,p,l,a,t,f,o,r,m, ,w,i,t,h
n,e,a,r,l,y, ,5, ,b,i,l,l,i,o,n, ,d,a,i,l,y, ,a,c,t,i,v,e, ,u,s,e,r,s, ,a,l,l
c,o,n,n,e,c,t,e,d, ,t,o,g,e,t,h,e,r, ,l,i,k,e, ,t,h,e, ,n,e,u,r,o,n,s, ,o,f, ,a
g,l,o,b,a,l, ,s,u,p,e,r, ,i,n,t,e,l,l,i,g,e,n,t, ,b,r,a,i,n, ,a, ,s,y,s,t,e,m
t,h,a,t, ,c,a,n, ,c,u,r,e, ,d,i,s,e,a,s,e, ,e,l,i,m,i,n,a,t,e, ,p,o,v,e,r,t,y
a,d,v,a,n,c,e, ,s,c,i,e,n,c,e, ,a,n,d, ,s,t,u,f,f, ,l,i,k,e, ,t,h,a,t, ,b,u,t
m,o,s,t,l,y, ,i,t,',s, ,u,s,e,d, ,t,o, ,s,h,a,r,e, ,m,e,m,e,s, ,c,r,e,a,t,e
p,a,r,a,s,o,c,i,a,l, ,r,e,l,a,t,i,o,n,s,h,i,p,s, ,a,m,p,l,i,f,y, ,d,r,a,m,a
a,n,d, ,m,o,s,t, ,i,m,p,o,r,t,a,n,t,l,y, ,m,a,k,e, ,t,o,n,s, ,a,n,d, ,t,o,n,s
o,f, ,m,o,n,e,y, ,i,f, ,y,o,u, ,w,a,n,t, ,t,o, ,g,e,t, ,i,n,t,o, ,i,t
y,o,u,',r,e, ,g,o,n,n,a, ,n,e,e,d, ,t,o, ,k,n,o,w, ,s,o,m,e, ,s,t,u,f,f
l,i,k,e, ,a, ,l,o,t, ,o,f, ,s,t,u,f,f, ,i,n, ,w,e,b, ,d,e,v,e,l,o,p,m,e,n,t
1,0,1, ,w,e,',l,l, ,t,a,k,e, ,a, ,l,o,o,k, ,a,t, ,a, ,1,0,1, ,d,i,f,f,e,r,e,n,t
c,o,n,c,e,p,t,s, ,t,h,a,t, ,y,o,u,',l,l, ,n,e,e,d, ,t,o, ,k,n,o,w, ,w,h,e,n
b,u,i,l,d,i,n,g, ,f,u,l,l, ,s,t,a,c,k, ,w,e,b, ,a,p,p,s, ,t,h,i,s, ,i,s, ,t,h,e
i,n,t,e,r,n,e,t, ,i,t,',s, ,a, ,n,e,t,w,o,r,k, ,o,f, ,b,i,l,l,i,o,n,s, ,o,f
m,a,c,h,i,n,e,s, ,c,o,n,n,e,c,t,e,d, ,t,o,g,e,t,h,e,r, ,w,h,a,t, ,d,o, ,y,o,u
w,r,i,t,e, ,t,o, ,i,t, ,l,i,k,e, ,m,a,i,l, ,n,o, ,a, ,l,o,t, ,o,f, ,p,e,o,p,l,e
u,s,e, ,i,t, ,a,n,d, ,c,o,m,m,u,n,i,c,a,t,e, ,i, ,g,u,e,s,s, ,t,h,e,y, ,c,a,n
c,o,m,m,u,n,i,c,a,t,e, ,w,i,t,h, ,n,b,c, ,w,r,i,t,e,r,s, ,a,n,d
p,r,o,d,u,c,e,r,s, ,a,l,i,s,o,n, ,c,a,n, ,y,o,u, ,e,x,p,l,a,i,n, ,w,h,a,t
i,n,t,e,r,n,e,t, ,i,s, ,i,t, ,w,a,s, ,o,f,f,i,c,i,a,l,l,y, ,b,o,r,n, ,o,n
j,a,n,u,a,r,y, ,1, ,1,9,8,3, ,t,h,a,n,k,s, ,t,o, ,t,h,e
e,s,t,a,b,l,i,s,h,m,e,n,t, ,o,f, ,t,h,e, ,i,n,t,e,r,n,e,t, ,p,r,o,t,o,c,o,l
s,u,i,t,e, ,w,h,i,c,h, ,s,t,a,n,d,a,r,d,i,z,e,d, ,t,h,e, ,w,a,y, ,t,h,e,s,e
c,o,m,p,u,t,e,r,s, ,c,o,m,m,u,n,i,c,a,t,e, ,t,h,e, ,i,n,t,e,r,n,e,t
p,r,o,t,o,c,o,l, ,i,s, ,u,s,e,d, ,t,o, ,i,d,e,n,t,i,f,y, ,d,i,f,f,e,r,e,n,t
c,o,m,p,u,t,e,r,s, ,o,n, ,t,h,e, ,n,e,t,w,o,r,k, ,b,y, ,a,s,s,i,g,n,i,n,g
e,a,c,h, ,o,n,e, ,o,f, ,t,h,e,m, ,a, ,u,n,i,q,u,e, ,i,p, ,a,d,d,r,e,s,s
t,h,e,s,e, ,c,o,m,p,u,t,e,r,s, ,c,a,n, ,t,h,e,n, ,s,e,n,d, ,d,a,t,a, ,b,a,c,k
a,n,d, ,f,o,r,t,h, ,w,i,t,h, ,t,h,e, ,t,r,a,n,s,m,i,s,s,i,o,n, ,c,o,n,t,r,o,l
p,r,o,t,o,c,o,l, ,i,t, ,b,r,e,a,k,s, ,d,a,t,a, ,i,n,t,o, ,a, ,b,u,n,c,h, ,o,f
s,m,a,l,l, ,p,a,c,k,e,t,s, ,k,i,n,d, ,o,f, ,l,i,k,e, ,p,u,z,z,l,e, ,p,i,e,c,e,s
t,h,e,n, ,s,e,n,d,s, ,t,h,e,m, ,t,h,r,o,u,g,h, ,a, ,b,u,n,c,h, ,o,f
p,h,y,s,i,c,a,l, ,c,o,m,p,o,n,e,n,t,s, ,l,i,k,e, ,f,i,b,e,r, ,o,p,t,i,c
c,a,b,l,e,s, ,a,n,d, ,m,o,d,e,m,s, ,b,e,f,o,r,e, ,t,h,e,y,',r,e, ,p,u,t
b,a,c,k, ,t,o,g,e,t,h,e,r, ,b,y, ,t,h,e, ,r,e,c,e,i,v,i,n,g, ,c,o,m,p,u,t,e,r
y,o,u, ,c,a,n, ,t,h,i,n,k, ,o,f, ,t,h,e, ,i,n,t,e,r,n,e,t, ,a,s
h,a,r,d,w,a,r,e, ,b,u,t, ,t,h,e, ,i,n,t,e,r,n,e,t, ,i,s, ,n,o,t, ,t,h,e
s,a,m,e, ,t,h,i,n,g, ,a,s, ,t,h,e, ,w,e,b, ,t,h,e, ,w,o,r,l,d, ,w,i,d,e, ,w,e,b
i,s, ,l,i,k,e, ,s,o,f,t,w,a,r,e, ,t,h,a,t, ,s,i,t,s, ,o,n, ,t,o,p, ,o,f, ,t,h,e
i,n,t,e,r,n,e,t, ,w,h,e,r,e, ,p,e,o,p,l,e, ,c,a,n, ,a,c,c,e,s,s, ,w,e,b
p,a,g,e,s, ,w,i,t,h, ,t,h,e, ,h,y,p,e,r,t,e,x,t, ,t,r,a,n,s,f,e,r
p,r,o,t,o,c,o,l, ,w,h,a,t,',s, ,s,p,e,c,i,a,l, ,a,b,o,u,t, ,i,t, ,i,s, ,t,h,a,t
i,t, ,g,i,v,e,s, ,e,v,e,r,y, ,p,a,g,e, ,o,f, ,c,o,n,t,e,n,t, ,a, ,u,n,i,f,o,r,m
r,e,s,o,u,r,c,e, ,l,o,c,a,t,o,r, ,o,r, ,u,r,l, ,h,u,m,a,n,s, ,t,y,p,i,c,a,l,l,y
u,s,e, ,a, ,t,o,o,l, ,c,a,l,l,e,d, ,a, ,w,e,b, ,b,r,o,w,s,e,r, ,t,o
a,c,c,e,s,s, ,a, ,u,r,l, ,w,h,e,r,e, ,i,t, ,c,a,n, ,b,e, ,r,e,n,d,e,r,e,d
v,i,s,u,a,l,l,y, ,o,n, ,t,h,e,i,r, ,s,c,r,e,e,n, ,t,h,e, ,b,r,o,w,s,e,r, ,i,s
c,a,l,l,e,d, ,t,h,e, ,c,l,i,e,n,t, ,b,e,c,a,u,s,e, ,i,t,',s, ,c,o,n,s,u,m,i,n,g
i,n,f,o,r,m,a,t,i,o,n, ,b,u,t, ,o,n, ,t,h,e, ,o,t,h,e,r, ,e,n,d, ,o,f, ,t,h,a,t
u,r,l, ,t,h,e,r,e,',s, ,a,n,o,t,h,e,r, ,c,o,m,p,u,t,e,r, ,c,a,l,l,e,d, ,a
s,e,r,v,e,r, ,i,t, ,r,e,c,e,i,v,e,d, ,a,n, ,h,t,t,p, ,r,e,q,u,e,s,t, ,f,r,o,m
t,h,e, ,c,l,i,e,n,t, ,t,h,e,n, ,s,e,n,t, ,a, ,r,e,s,p,o,n,s,e
c,o,n,t,a,i,n,i,n,g, ,t,h,e, ,w,e,b, ,p,a,g,e, ,c,o,n,t,e,n,t, ,t,h,e,s,e
a,r,e, ,c,a,l,l,e,d, ,h,t,t,p, ,m,e,s,s,a,g,e,s, ,b,u,t, ,m,o,r,e, ,o,n
t,h,a,t, ,l,a,t,e,r, ,w,h,a,t,',s, ,i,n,t,e,r,e,s,t,i,n,g, ,i,s, ,t,h,a,t
e,v,e,r,y, ,w,e,b, ,p,a,g,e, ,h,a,s, ,a, ,u,n,i,q,u,e, ,d,o,m,a,i,n, ,n,a,m,e
l,i,k,e, ,f,i,r,e,s,h,i,p,.,i,o, ,o,r, ,e,x,a,m,p,l,e,.,c,o,m, ,a, ,d,o,m,a,i,n
n,a,m,e, ,c,a,n, ,b,e, ,r,e,g,i,s,t,e,r,e,d, ,b,y, ,a,n,y,o,n,e, ,v,i,a, ,a
r,e,g,i,s,t,r,a,r, ,w,h,o,',s, ,a,c,c,r,e,d,i,t,e,d, ,b,y, ,i,c,a,n,n, ,a
n,o,n,p,r,o,f,i,t, ,r,e,s,p,o,n,s,i,b,l,e, ,f,o,r, ,o,v,e,r,s,e,e,i,n,g
n,a,m,e,s,p,a,c,e,s, ,o,n, ,t,h,e, ,i,n,t,e,r,n,e,t, ,w,h,e,n, ,y,o,u
n,a,v,i,g,a,t,e, ,t,o, ,a, ,d,o,m,a,i,n, ,i,n, ,a, ,b,r,o,w,s,e,r, ,i,t
g,e,t,s, ,r,o,u,t,e,d, ,t,h,r,o,u,g,h, ,t,h,e, ,d,o,m,a,i,n, ,n,a,m,e
s,y,s,t,e,m, ,t,h,a,t, ,m,a,p,s, ,t,h,e,s,e, ,n,a,m,e,s, ,t,o, ,a,n
a,c,t,u,a,l, ,i,p, ,a,d,d,r,e,s,s, ,o,n, ,a, ,s,e,r,v,e,r, ,s,o,m,e,w,h,e,r,e
d,n,s, ,i,s, ,l,i,k,e, ,t,h,e, ,p,h,o,n,e, ,b,o,o,k, ,o,f, ,t,h,e
i,n,t,e,r,n,e,t, ,n,o,w, ,w,h,e,n, ,y,o,u, ,l,o,o,k, ,a,t, ,a, ,w,e,b,p,a,g,e
t,h,e, ,a,c,t,u,a,l, ,c,o,n,t,e,n,t, ,y,o,u, ,s,e,e, ,i,s
r,e,p,r,e,s,e,n,t,e,d, ,b,y, ,h,y,p,e,r,t,e,x,t, ,m,a,r,k,u,p, ,l,a,n,g,u,a,g,e
m,o,s,t, ,b,r,o,w,s,e,r,s, ,h,a,v,e, ,d,e,v,t,o,o,l,s, ,w,h,e,r,e, ,y,o,u
c,a,n, ,i,n,s,p,e,c,t, ,t,h,e, ,s,t,r,u,c,t,u,r,e, ,o,f, ,t,h,e, ,h,t,m,l, ,a,t
a,n,y, ,t,i,m,e, ,t,o, ,b,u,i,l,d, ,y,o,u,r, ,o,w,n, ,w,e,b, ,p,a,g,e
y,o,u,',l,l, ,w,a,n,t, ,a, ,t,e,x,t, ,e,d,i,t,o,r, ,l,i,k,e, ,v,s, ,c,o,d,e
a,n, ,h,t,m,l, ,d,o,c,u,m,e,n,t, ,i,s, ,j,u,s,t, ,a, ,c,o,l,l,e,c,t,i,o,n, ,o,f
e,l,e,m,e,n,t,s, ,w,h,e,r,e, ,a,n, ,e,l,e,m,e,n,t, ,i,s, ,a,n, ,o,p,e,n,i,n,g
a,n,d, ,c,l,o,s,i,n,g, ,t,a,g, ,w,i,t,h, ,s,o,m,e, ,c,o,n,t,e,n,t, ,i,n, ,t,h,e
m,i,d,d,l,e, ,l,i,k,e, ,a, ,p,a,r,a,g,r,a,p,h, ,a,n,d, ,h,e,a,d,i,n,g, ,i,t
a,l,s,o, ,h,a,s, ,e,l,e,m,e,n,t,s, ,t,h,a,t, ,h,a,n,d,l,e, ,u,s,e,r, ,i,n,p,u,t
l,i,k,e, ,t,h,e, ,s,e,l,e,c,t, ,a,n,d, ,i,n,p,u,t, ,e,l,e,m,e,n,t,s, ,w,h,i,c,h
a,r,e, ,u,s,e,d, ,t,o, ,b,u,i,l,d, ,f,o,r,m,s, ,i,n, ,a,d,d,i,t,i,o,n
e,l,e,m,e,n,t,s, ,c,a,n, ,h,a,v,e, ,o,n,e, ,o,r, ,m,o,r,e, ,a,t,t,r,i,b,u,t,e,s
t,o, ,c,h,a,n,g,e, ,t,h,e,i,r, ,b,e,h,a,v,i,o,r, ,f,o,r, ,e,x,a,m,p,l,e, ,a,n
i,n,p,u,t, ,c,a,n, ,h,a,v,e, ,a, ,t,y,p,e, ,l,i,k,e, ,t,e,x,t, ,o,r
n,u,m,b,e,r, ,w,h,i,c,h, ,t,h,e, ,b,r,o,w,s,e,r, ,w,i,l,l, ,r,e,n,d,e,r
d,i,f,f,e,r,e,n,t,l,y, ,t,o, ,c,o,l,l,e,c,t, ,t,h,e, ,a,p,p,r,o,p,r,i,a,t,e
v,a,l,u,e, ,b,u,t, ,t,h,e, ,e,l,e,m,e,n,t, ,t,h,a,t, ,p,u,t,s, ,t,h,e
h,y,p,e,r,t,e,x,t, ,i,n, ,h,t,m,l, ,i,s, ,t,h,e, ,a, ,t,a,g, ,o,r, ,a,n,c,h,o,r
i,t,',s, ,a, ,l,i,n,k, ,t,h,a,t, ,a,l,l,o,w,s, ,o,n,e, ,p,a,g,e, ,t,o
n,a,v,i,g,a,t,e, ,t,o, ,a, ,d,i,f,f,e,r,e,n,t, ,p,a,g,e, ,b,a,s,e,d, ,o,n
i,t,s, ,u,r,l, ,t,h,e,s,e, ,e,l,e,m,e,n,t,s, ,a,r,e, ,n,e,s,t,e,d
t,o,g,e,t,h,e,r, ,i,n, ,a, ,h,i,e,r,a,r,c,h,y, ,t,o, ,f,o,r,m, ,t,h,e
d,o,c,u,m,e,n,t, ,o,b,j,e,c,t, ,m,o,d,e,l, ,o,r, ,d,o,m, ,f,r,o,m, ,t,h,e
r,o,o,t, ,e,l,e,m,e,n,t, ,a, ,w,e,b, ,p,a,g,e, ,i,s, ,s,p,l,i,t, ,i,n,t,o
t,w,o, ,p,a,r,t,s, ,t,h,e, ,h,e,a,d, ,c,o,n,t,a,i,n,s, ,i,n,v,i,s,i,b,l,e
c,o,n,t,e,n,t, ,l,i,k,e, ,m,e,t,a,d,a,t,a, ,a,n,d, ,a, ,t,i,t,l,e, ,t,h,e,n
w,e, ,h,a,v,e, ,t,h,e, ,b,o,d,y, ,f,o,r, ,t,h,e, ,m,a,i,n, ,c,o,n,t,e,n,t
t,h,a,t, ,t,h,e, ,e,n,d, ,u,s,e,r, ,a,c,t,u,a,l,l,y, ,s,e,e,s, ,t,h,e
r,e,a,s,o,n, ,w,e, ,w,r,a,p, ,e,v,e,r,y,t,h,i,n,g, ,i,n, ,t,a,g,s, ,i,s, ,t,o
g,i,v,e, ,b,r,o,w,s,e,r,s, ,a,n,d, ,b,o,t,s, ,h,i,n,t,s, ,a,b,o,u,t, ,t,h,e
s,e,m,a,n,t,i,c, ,m,e,a,n,i,n,g, ,o,f, ,t,h,e, ,w,e,b, ,p,a,g,e, ,t,h,i,s
a,l,l,o,w,s, ,s,e,a,r,c,h, ,e,n,g,i,n,e,s, ,t,o, ,d,i,s,p,l,a,y, ,r,e,s,u,l,t,s
p,r,o,p,e,r,l,y, ,a,n,d, ,a,l,s,o, ,h,e,l,p,s, ,w,i,t,h
a,c,c,e,s,s,i,b,i,l,i,t,y, ,f,o,r, ,d,e,v,i,c,e,s, ,l,i,k,e, ,s,c,r,e,e,n
r,e,a,d,e,r,s, ,t,h,a,t, ,a,l,l,o,w, ,a,n,y,b,o,d,y, ,r,e,g,a,r,d,l,e,s,s, ,o,f
d,i,s,a,b,i,l,i,t,y, ,t,o, ,e,n,j,o,y, ,t,h,e, ,c,o,n,t,e,n,t, ,m,y
c,o,m,p,u,t,e,r, ,r,e,a,d,s, ,m,e, ,t,h,e, ,t,e,x,t, ,b,r,o, ,s,m,a,s,h
t,h,a,t, ,l,i,k,e, ,b,u,t,t,o,n, ,a,n,d, ,s,u,b,s,c,r,i,b,e, ,o,n,e, ,o,f
t,h,e, ,m,o,s,t, ,c,o,m,m,o,n, ,e,l,e,m,e,n,t,s, ,y,o,u,',l,l, ,c,o,m,e
a,c,r,o,s,s, ,i,s, ,d,i,v, ,o,r, ,d,i,v,i,s,i,o,n, ,t,o, ,d,e,f,i,n,e, ,a
s,e,c,t,i,o,n, ,o,f, ,t,h,e, ,w,e,b,p,a,g,e, ,o,n, ,i,t,s, ,o,w,n, ,a, ,d,i,v
m,i,g,h,t, ,n,o,t, ,s,e,e,m, ,t,o, ,d,o, ,a,n,y,t,h,i,n,g, ,a,n,d
c,u,r,r,e,n,t,l,y, ,p,r,o,d,u,c,e,s, ,t,h,i,s, ,p,l,a,i,n, ,b,l,a,c,k, ,a,n,d
w,h,i,t,e, ,w,e,b,s,i,t,e, ,t,h,a,t, ,b,e,g,s, ,t,h,e, ,q,u,e,s,t,i,o,n, ,h,o,w
d,o, ,w,e, ,m,a,k,e, ,t,h,i,s, ,w,e,b,s,i,t,e, ,l,o,o,k, ,c,o,o,l, ,t,h,e
s,e,c,o,n,d, ,l,a,n,g,u,a,g,e, ,y,o,u,',l,l, ,n,e,e,d, ,t,o, ,l,e,a,r,n, ,a,s
a, ,w,e,b, ,d,e,v,e,l,o,p,e,r, ,i,s, ,c,a,s,c,a,d,i,n,g, ,s,t,y,l,e,s,h,e,e,t,s
o,r, ,c,s,s, ,w,h,i,c,h, ,a,l,l,o,w,s, ,y,o,u, ,t,o, ,c,h,a,n,g,e, ,t,h,e
a,p,p,e,a,r,a,n,c,e, ,o,f, ,t,h,e, ,h,t,m,l, ,e,l,e,m,e,n,t,s, ,o,n,e, ,w,a,y
t,o, ,a,c,c,o,m,p,l,i,s,h, ,t,h,a,t, ,i,s, ,w,i,t,h, ,a,n, ,i,n,l,i,n,e
s,t,y,l,e, ,u,s,i,n,g, ,t,h,e, ,s,t,y,l,e, ,a,t,t,r,i,b,u,t,e, ,o,n, ,a,n
e,l,e,m,e,n,t, ,t,h,e, ,s,t,y,l,e, ,i,t,s,e,l,f, ,c,o,n,t,a,i,n,s, ,a
c,o,l,l,e,c,t,i,o,n, ,o,f, ,p,r,o,p,e,r,t,i,e,s, ,a,n,d, ,v,a,l,u,e,s, ,t,h,a,t
c,h,a,n,g,e, ,t,h,e, ,a,p,p,e,a,r,a,n,c,e, ,o,f, ,t,h,e, ,e,l,e,m,e,n,t
l,i,k,e, ,w,e, ,m,i,g,h,t, ,m,a,k,e, ,t,h,e, ,b,a,c,k,g,r,o,u,n,d, ,c,o,l,o,r
b,l,a,c,k, ,a,n,d, ,t,h,e, ,t,e,x,t, ,c,o,l,o,r, ,r,e,d, ,w,h,a,t, ,w,e,',v,e
c,r,e,a,t,e,d, ,h,e,r,e, ,i,s, ,a,n, ,i,n,l,i,n,e, ,s,t,y,l,e, ,t,h,a,t
w,i,l,l, ,o,n,l,y, ,b,e, ,a,p,p,l,i,e,d, ,t,o, ,t,h,i,s, ,o,n,e, ,e,l,e,m,e,n,t
h,o,w,e,v,e,r, ,c,s,s, ,c,a,s,c,a,d,e,s, ,w,h,i,c,h, ,m,e,a,n,s, ,i,t, ,c,a,n
b,e, ,a,p,p,l,i,e,d, ,t,o, ,m,u,l,t,i,p,l,e, ,e,l,e,m,e,n,t,s, ,a,t, ,t,h,e
s,a,m,e, ,t,i,m,e, ,p,r,o,v,i,d,i,n,g, ,b,e,t,t,e,r, ,c,o,d,e
r,e,u,s,a,b,i,l,i,t,y, ,a,n,o,t,h,e,r, ,o,p,t,i,o,n, ,i,s, ,t,o, ,m,o,v,e
o,u,r, ,c,o,d,e, ,i,n,t,o, ,a, ,s,t,y,l,e, ,t,a,g, ,b,u,t, ,t,o, ,m,a,k,e
t,h,e, ,c,o,d,e, ,w,o,r,k, ,w,e,',l,l, ,f,i,r,s,t, ,n,e,e,d, ,t,o, ,d,e,f,i,n,e
a, ,s,e,l,e,c,t,o,r, ,s,o, ,i,t, ,k,n,o,w,s, ,w,h,i,c,h, ,e,l,e,m,e,n,t,s, ,t,o
t,a,r,g,e,t, ,a, ,s,e,l,e,c,t,o,r, ,f,o,r, ,e,x,a,m,p,l,e, ,c,a,n, ,t,a,r,g,e,t
a,l,l, ,o,f, ,t,h,e, ,p,a,r,a,g,r,a,p,h, ,e,l,e,m,e,n,t,s, ,o,n, ,t,h,e
p,a,g,e, ,b,u,t, ,t,h,a,t,',s, ,t,o,o, ,b,r,o,a,d, ,w,e, ,c,a,n, ,b,e, ,m,o,r,e
g,r,a,n,u,l,a,r, ,b,y, ,d,e,f,i,n,i,n,g, ,a, ,c,l,a,s,s, ,t,h,a,t, ,s,t,y,l,e
c,a,n, ,t,h,e,n, ,b,e, ,a,p,p,l,i,e,d, ,t,o, ,o,n,e, ,o,r, ,m,o,r,e
e,l,e,m,e,n,t,s, ,w,i,t,h, ,t,h,e, ,c,l,a,s,s, ,a,t,t,r,i,b,u,t,e, ,w,h,a,t,',s
i,n,t,e,r,e,s,t,i,n,g, ,t,h,o,u,g,h, ,i,s, ,t,h,a,t, ,w,e, ,n,o,w, ,h,a,v,e
c,l,a,s,s,e,s, ,t,h,a,t, ,a,p,p,l,y, ,d,i,f,f,e,r,e,n,t, ,s,t,y,l,e,s, ,t,o
t,h,e, ,s,a,m,e, ,e,l,e,m,e,n,t, ,c,s,s, ,c,o,n,t,a,i,n,s, ,a, ,b,u,n,c,h, ,o,f
s,p,e,c,i,f,i,c,i,t,y, ,r,u,l,e,s, ,t,h,a,t, ,d,e,t,e,r,m,i,n,e, ,w,h,i,c,h
s,t,y,l,e,s, ,a,r,e, ,r,e,l,e,v,a,n,t, ,t,o, ,a,n, ,e,l,e,m,e,n,t, ,i,n, ,a
w,a,y, ,t,h,a,t,',s, ,s,e,l,f,-,e,v,i,d,e,n,t, ,a,n,d, ,e,l,e,g,a,n,t, ,l,i,k,e
a, ,b,e,n,e,v,o,l,e,n,t, ,e,l,e,p,h,a,n,t, ,m,o,s,t, ,o,f,t,e,n, ,t,h,o,u,g,h
w,e, ,d,o,n,',t, ,u,s,e, ,s,t,y,l,e, ,t,a,g,s, ,b,u,t, ,i,n,s,t,e,a,d, ,u,s,e
a,n, ,e,x,t,e,r,n,a,l, ,s,t,y,l,e, ,s,h,e,e,t, ,w,h,i,c,h, ,i,s, ,l,i,n,k,e,d
t,o, ,t,h,e, ,w,e,b,p,a,g,e, ,a,n,d, ,t,h,e, ,h,e,a,d, ,o,f, ,t,h,e
d,o,c,u,m,e,n,t, ,w,h,e,n, ,i,t, ,c,o,m,e,s, ,t,o, ,c,s,s, ,b,y, ,f,a,r, ,t,h,e
m,o,s,t, ,d,i,f,f,i,c,u,l,t, ,t,h,i,n,g, ,t,o, ,l,e,a,r,n, ,i,s, ,l,a,y,o,u,t
a,n,d, ,p,o,s,i,t,i,o,n,i,n,g, ,t,h,i,n,k, ,o,f, ,e,v,e,r,y, ,e,l,e,m,e,n,t
l,i,k,e, ,a, ,b,o,x, ,t,h,e, ,o,u,t,s,i,d,e, ,o,f, ,t,h,a,t, ,b,o,x, ,i,s
w,r,a,p,p,e,d, ,w,i,t,h, ,p,a,d,d,i,n,g, ,b,o,r,d,e,r, ,a,n,d, ,m,a,r,g,i,n
t,h,e, ,b,o,x,e,s, ,t,h,e,n, ,t,a,k,e, ,u,p, ,s,p,a,c,e, ,o,n, ,t,h,e, ,p,a,g,e
f,r,o,m, ,t,o,p, ,t,o, ,b,o,t,t,o,m, ,s,o,m,e, ,e,l,e,m,e,n,t,s, ,l,i,k,e
h,e,a,d,i,n,g, ,h,a,v,e, ,a, ,d,i,s,p,l,a,y, ,o,f, ,b,l,o,c,k, ,b,y
d,e,f,a,u,l,t, ,w,h,i,c,h, ,m,e,a,n,s, ,t,h,e,y, ,t,a,k,e, ,u,p, ,a,l,l
a,v,a,i,l,a,b,l,e, ,h,o,r,i,z,o,n,t,a,l, ,s,p,a,c,e, ,o,t,h,e,r
e,l,e,m,e,n,t,s, ,l,i,k,e, ,i,m,a,g,e, ,a,r,e, ,d,i,s,p,l,a,y,e,d, ,i,n,l,i,n,e
w,h,i,c,h, ,m,e,a,n,s, ,t,h,e,y, ,c,a,n, ,l,i,n,e, ,u,p
h,o,r,i,z,o,n,t,a,l,l,y, ,s,i,d,e, ,b,y, ,s,i,d,e, ,t,h,e, ,p,r,o,b,l,e,m, ,i,s
t,h,a,t, ,t,h,e, ,d,e,f,a,u,l,t, ,p,o,s,i,t,i,o,n, ,i,s, ,u,s,u,a,l,l,y, ,n,o,t
d,e,s,i,r,a,b,l,e, ,i,t, ,c,a,n, ,b,e, ,c,h,a,n,g,e,d, ,b,y
c,u,s,t,o,m,i,z,i,n,g, ,t,h,e, ,p,o,s,i,t,i,o,n, ,p,r,o,p,e,r,t,y, ,o,n, ,a,n
e,l,e,m,e,n,t, ,r,e,l,a,t,i,v,e, ,p,o,s,i,t,i,o,n,i,n,g, ,a,l,l,o,w,s, ,a,n
e,l,e,m,e,n,t, ,t,o, ,m,o,v,e, ,a, ,c,e,r,t,a,i,n, ,n,u,m,b,e,r, ,o,f
p,i,x,e,l,s, ,f,r,o,m, ,i,t,s, ,n,o,r,m,a,l, ,p,o,s,i,t,i,o,n, ,a,b,s,o,l,u,t,e
p,o,s,i,t,i,o,n,i,n,g, ,i,s, ,s,i,m,i,l,a,r, ,b,u,t, ,t,h,e, ,p,o,s,i,t,i,o,n
v,a,l,u,e,s, ,a,r,e, ,r,e,l,a,t,i,v,e, ,t,o, ,i,t,s, ,n,e,a,r,e,s,t
a,n,c,e,s,t,o,r, ,a,n,d, ,t,h,e,n, ,w,e, ,h,a,v,e, ,f,i,x,e,d
p,o,s,i,t,i,o,n,i,n,g, ,w,h,i,c,h, ,w,i,l,l, ,k,e,e,p, ,a,n, ,e,l,e,m,e,n,t
o,n, ,t,h,e, ,s,c,r,e,e,n, ,e,v,e,n, ,a,s, ,t,h,e, ,u,s,e,r, ,s,c,r,o,l,l,s
a,w,a,y, ,f,r,o,m, ,i,t, ,b,e,c,a,u,s,e, ,i,t,',s, ,f,i,x,e,d, ,t,o, ,t,h,e
e,n,t,i,r,e, ,v,i,e,w,p,o,r,t, ,c,h,a,n,g,i,n,g, ,t,h,e, ,p,o,s,i,t,i,o,n, ,o,f
a,n, ,e,l,e,m,e,n,t, ,i,s, ,o,n,e, ,t,h,i,n,g, ,b,u,t, ,o,n,e, ,o,f, ,t,h,e
b,i,g,g,e,s,t, ,c,h,a,l,l,e,n,g,e,s, ,w,e,b, ,d,e,v,e,l,o,p,e,r,s, ,f,a,c,e
i,s, ,c,r,e,a,t,i,n,g, ,r,e,s,p,o,n,s,i,v,e, ,l,a,y,o,u,t,s, ,u,s,e,r,s, ,c,a,n
a,c,c,e,s,s, ,y,o,u,r, ,w,e,b, ,p,a,g,e, ,f,r,o,m, ,a,l,l, ,k,i,n,d,s, ,o,f
d,i,f,f,e,r,e,n,t, ,s,c,r,e,e,n,s, ,a,n,d, ,i,t, ,s,h,o,u,l,d, ,l,o,o,k
g,o,o,d, ,o,n, ,a,l,l, ,o,f, ,t,h,e,m, ,c,s,s, ,p,r,o,v,i,d,e,s, ,a, ,b,u,n,c,h
o,f, ,d,i,f,f,e,r,e,n,t, ,t,o,o,l,s, ,t,o, ,h,e,l,p, ,m,a,k,e, ,t,h,i,s
h,a,p,p,e,n, ,o,n,e, ,o,f, ,w,h,i,c,h, ,i,s, ,m,e,d,i,a, ,q,u,e,r,i,e,s, ,a
m,e,d,i,a, ,q,u,e,r,y, ,a,l,l,o,w,s, ,y,o,u, ,t,o, ,g,e,t
i,n,f,o,r,m,a,t,i,o,n, ,a,b,o,u,t, ,t,h,e, ,d,e,v,i,c,e, ,t,h,a,t,',s
r,e,n,d,e,r,i,n,g, ,t,h,e, ,w,e,b, ,p,a,g,e, ,a,n,d, ,a,p,p,l,y
d,i,f,f,e,r,e,n,t, ,s,t,y,l,e,s, ,a,c,c,o,r,d,i,n,g,l,y, ,b,u,t, ,m,o,r,e
i,m,p,o,r,t,a,n,t,l,y, ,i,t, ,p,r,o,v,i,d,e,s, ,l,a,y,o,u,t, ,t,o,o,l,s
l,i,k,e, ,f,l,e,x,b,o,x, ,a,p,p,l,y,i,n,g, ,d,i,s,p,l,a,y, ,f,l,e,x
a,l,l,o,w,s, ,t,h,e, ,p,a,r,e,n,t, ,t,o, ,c,o,n,t,r,o,l, ,t,h,e, ,f,l,o,w, ,o,f
t,h,e, ,c,h,i,l,d,r,e,n, ,t,o, ,e,a,s,i,l,y, ,c,r,e,a,t,e, ,r,o,w,s, ,a,n,d
c,o,l,u,m,n,s, ,f,o,r, ,m,o,r,e, ,c,o,m,p,l,e,x, ,l,a,y,o,u,t,s, ,d,i,s,p,l,a,y
g,r,i,d, ,c,a,n, ,b,e, ,u,s,e,d, ,t,o, ,c,o,n,t,r,o,l, ,m,u,l,t,i,p,l,e
r,o,w,s, ,a,n,d, ,c,o,l,u,m,n,s, ,a,t, ,t,h,e, ,s,a,m,e, ,t,i,m,e, ,n,o,w
c,s,s, ,i,s, ,u,s,u,a,l,l,y, ,n,o,t, ,c,o,n,s,i,d,e,r,e,d, ,a, ,t,u,r,i,n,g
c,o,m,p,l,e,t,e, ,p,r,o,g,r,a,m,m,i,n,g, ,l,a,n,g,u,a,g,e, ,o,n, ,i,t,s, ,o,w,n
h,o,w,e,v,e,r, ,i,t, ,d,o,e,s, ,h,a,v,e, ,m,e,c,h,a,n,i,s,m,s, ,l,i,k,e
c,a,l,c, ,t,o, ,p,e,r,f,o,r,m, ,m,a,t,h,e,m,a,t,i,c,a,l, ,o,p,e,r,a,t,i,o,n,s
a,n,d, ,c,u,s,t,o,m, ,p,r,o,p,e,r,t,i,e,s, ,w,h,i,c,h, ,a,r,e, ,l,i,k,e
v,a,r,i,a,b,l,e,s, ,t,h,a,t, ,y,o,u, ,c,a,n, ,r,e,u,s,e, ,i,n, ,m,u,l,t,i,p,l,e
p,l,a,c,e,s, ,v,a,n,i,l,l,a, ,c,s,s, ,i,s, ,r,a,r,e,l,y, ,e,n,o,u,g,h
t,h,o,u,g,h, ,a,n,d, ,m,a,n,y, ,d,e,v,e,l,o,p,e,r,s, ,c,h,o,o,s,e, ,t,o
e,x,t,e,n,d, ,i,t, ,w,i,t,h, ,t,o,o,l,s, ,l,i,k,e, ,s,a,s, ,t,h,a,t, ,a,d,d
a,d,d,i,t,i,o,n,a,l, ,p,r,o,g,r,a,m,m,a,t,i,c, ,f,e,a,t,u,r,e,s, ,o,n, ,t,o,p
o,f, ,i,t, ,a,n,d, ,t,h,a,t, ,b,r,i,n,g,s, ,u,s, ,t,o, ,t,h,e, ,t,h,i,r,d
l,a,n,g,u,a,g,e, ,y,o,u,',l,l, ,n,e,e,d, ,t,o, ,k,n,o,w, ,a,s, ,a, ,w,e,b
d,e,v,e,l,o,p,e,r, ,j,a,v,a,s,c,r,i,p,t, ,t,e,c,h,n,i,c,a,l,l,y, ,y,o,u
d,o,n,',t, ,n,e,e,d, ,j,a,v,a,s,c,r,i,p,t, ,t,o, ,b,u,i,l,d, ,a, ,w,e,b,s,i,t,e
h,o,w,e,v,e,r, ,m,o,s,t, ,d,e,v,e,l,o,p,e,r,s, ,c,h,o,o,s,e, ,t,o, ,u,s,e, ,i,t
t,o, ,m,a,k,e, ,t,h,e, ,u,s,e,r, ,i,n,t,e,r,f,a,c,e, ,m,o,r,e
i,n,t,e,r,a,c,t,i,v,e, ,t,o, ,r,u,n, ,j,a,v,a,s,c,r,i,p,t, ,c,o,d,e, ,o,n, ,a
w,e,b, ,p,a,g,e, ,o,p,e,n, ,u,p, ,a, ,s,c,r,i,p,t, ,t,a,g, ,t,h,e,n, ,w,r,i,t,e
s,o,m,e, ,j,a,v,a,s,c,r,i,p,t, ,c,o,d,e, ,i,n,s,i,d,e, ,o,f, ,i,t, ,t,h,e
b,r,o,w,s,e,r, ,i,n,t,e,r,p,r,e,t,s, ,t,h,e, ,h,t,m,l, ,f,r,o,m, ,t,o,p, ,t,o
b,o,t,t,o,m, ,a,n,d, ,r,u,n,s, ,t,h,i,s, ,c,o,d,e, ,w,h,e,n, ,i,t
e,n,c,o,u,n,t,e,r,s, ,i,t, ,i,n, ,t,h,e, ,d,o,m, ,i,n, ,m,o,s,t, ,c,a,s,e,s
j,a,v,a,s,c,r,i,p,t, ,i,s, ,w,r,i,t,t,e,n, ,i,n, ,a, ,s,e,p,a,r,a,t,e, ,f,i,l,e
t,h,e,n, ,r,e,f,e,r,e,n,c,e,d, ,a,s, ,t,h,e, ,s,o,u,r,c,e, ,o,n, ,t,h,e
s,c,r,i,p,t, ,t,a,g, ,u,s,u,a,l,l,y, ,i,t,',s, ,p,r,e,f,e,r,r,e,d, ,t,h,a,t
t,h,i,s, ,c,o,d,e, ,r,u,n,s, ,a,f,t,e,r, ,t,h,e, ,d,o,m, ,c,o,n,t,e,n,t, ,h,a,s
l,o,a,d,e,d, ,w,h,i,c,h, ,c,a,n, ,b,e, ,a,c,c,o,m,p,l,i,s,h,e,d, ,w,i,t,h
t,h,e, ,d,e,f,e,r, ,a,t,t,r,i,b,u,t,e, ,j,s, ,i,s, ,a, ,b,i,g
c,o,m,p,l,i,c,a,t,e,d, ,p,r,o,g,r,a,m,m,i,n,g, ,l,a,n,g,u,a,g,e, ,w,h,i,c,h
i,s, ,m,o,r,e, ,f,o,r,m,a,l,l,y, ,k,n,o,w,n, ,a,s, ,e,c,m,a,s,c,r,i,p,t, ,a,n,d
i,s, ,s,t,a,n,d,a,r,d,i,z,e,d, ,i,n, ,a,l,l, ,m,a,j,o,r, ,b,r,o,w,s,e,r,s
t,h,e,r,e, ,a,r,e, ,s,e,v,e,r,a,l, ,d,i,f,f,e,r,e,n,t, ,w,a,y,s, ,t,o
d,e,c,l,a,r,e, ,a, ,v,a,r,i,a,b,l,e, ,a, ,v,a,r,i,a,b,l,e, ,t,h,a,t, ,m,i,g,h,t
b,e, ,r,e,a,s,s,i,g,n,e,d, ,i,n, ,t,h,e, ,f,u,t,u,r,e, ,u,s,e,s, ,t,h,e, ,l,e,t
k,e,y,w,o,r,d, ,w,h,i,l,e, ,a, ,v,a,r,i,a,b,l,e, ,t,h,a,t, ,c,a,n,',t, ,b,e
r,e,a,s,s,i,g,n,e,d, ,u,s,e,s, ,c,o,n,s,t, ,i,t,',s, ,a, ,d,y,n,a,m,i,c,a,l,l,y
t,y,p,e,d, ,l,a,n,g,u,a,g,e, ,w,h,i,c,h, ,m,e,a,n,s, ,n,o, ,t,y,p,e
a,n,n,o,t,a,t,i,o,n,s, ,a,r,e, ,n,e,c,e,s,s,a,r,y, ,t,h,a,t,',s, ,n,o,t
a,l,w,a,y,s, ,i,d,e,a,l, ,s,o, ,m,a,n,y, ,d,e,v,e,l,o,p,e,r,s, ,c,h,o,o,s,e
t,y,p,e,s,c,r,i,p,t, ,a,s, ,a,n, ,a,l,t,e,r,n,a,t,i,v,e, ,t,o, ,a,d,d
s,t,a,t,i,c, ,t,y,p,i,n,g, ,o,n, ,t,o,p, ,o,f, ,j,a,v,a,s,c,r,i,p,t, ,n,o,w
o,n,e, ,o,f, ,t,h,e, ,m,o,s,t, ,c,o,m,m,o,n, ,r,e,a,s,o,n,s, ,y,o,u, ,w,o,u,l,d
u,s,e, ,j,a,v,a,s,c,r,i,p,t, ,i,n, ,t,h,e, ,f,i,r,s,t, ,p,l,a,c,e, ,i,s, ,t,o
h,a,n,d,l,e, ,e,v,e,n,t,s, ,w,h,e,n,e,v,e,r, ,t,h,e, ,u,s,e,r, ,d,o,e,s
s,o,m,e,t,h,i,n,g, ,o,n, ,a, ,w,e,b, ,p,a,g,e, ,t,h,e, ,b,r,o,w,s,e,r
e,m,i,t,s, ,a,n, ,e,v,e,n,t, ,t,h,a,t, ,y,o,u, ,c,a,n, ,l,i,s,t,e,n, ,t,o
l,i,k,e, ,a, ,c,l,i,c,k, ,m,o,u,s,e, ,m,o,v,e, ,f,o,r,m, ,i,n,p,u,t
c,h,a,n,g,e, ,a,n,d, ,s,o, ,o,n, ,w,e, ,c,a,n, ,t,a,p, ,i,n,t,o, ,t,h,e,s,e
e,v,e,n,t,s, ,u,s,i,n,g, ,b,r,o,w,s,e,r, ,a,p,i,s, ,l,i,k,e, ,d,o,c,u,m,e,n,t
w,h,i,c,h, ,i,n, ,t,h,i,s, ,c,a,s,e, ,p,r,o,v,i,d,e,s, ,a, ,m,e,t,h,o,d
c,a,l,l,e,d, ,q,u,e,r,y, ,s,e,l,e,c,t,o,r, ,t,h,a,t, ,a,l,l,o,w,s, ,u,s, ,t,o
g,r,a,b, ,a,n, ,e,l,e,m,e,n,t, ,w,i,t,h, ,a, ,c,s,s, ,s,e,l,e,c,t,o,r, ,o,n,c,e
w,e, ,h,a,v,e, ,t,h,a,t, ,e,l,e,m,e,n,t, ,s,e,t, ,a,s, ,a, ,v,a,r,i,a,b,l,e
w,e, ,c,a,n, ,t,h,e,n, ,a,s,s,i,g,n, ,a,n, ,e,v,e,n,t, ,l,i,s,t,e,n,e,r, ,t,o
i,t, ,a,n, ,e,v,e,n,t, ,l,i,s,t,e,n,e,r, ,i,s, ,a, ,f,u,n,c,t,i,o,n, ,t,h,a,t
w,i,l,l, ,b,e, ,c,a,l,l,e,d, ,o,r, ,r,e,-,e,x,e,c,u,t,e,d, ,a,n,y,t,i,m,e
t,h,e, ,b,u,t,t,o,n, ,i,s, ,c,l,i,c,k,e,d, ,t,h,e, ,l,a,n,g,u,a,g,e, ,h,a,s, ,a
v,a,r,i,e,t,y, ,o,f, ,b,u,i,l,t,-,i,n, ,d,a,t,a, ,s,t,r,u,c,t,u,r,e,s, ,l,i,k,e
a,n, ,a,r,r,a,y, ,t,o, ,r,e,p,r,e,s,e,n,t, ,a, ,c,o,l,l,e,c,t,i,o,n, ,o,f
v,a,l,u,e,s, ,b,u,t, ,t,h,e, ,m,o,s,t, ,f,u,n,d,a,m,e,n,t,a,l, ,d,a,t,a
s,t,r,u,c,t,u,r,e, ,i,s, ,t,h,e, ,o,b,j,e,c,t, ,a,l,s,o, ,c,o,m,m,o,n,l,y
c,a,l,l,e,d, ,a, ,d,i,c,t,i,o,n,a,r,y, ,o,r, ,h,a,s,h,m,a,p, ,a,n,y,t,h,i,n,g
t,h,a,t,',s, ,n,o,t, ,a, ,p,r,i,m,i,t,i,v,e, ,t,y,p,e, ,l,i,k,e, ,a
s,t,r,i,n,g, ,o,r, ,n,u,m,b,e,r, ,i,n,h,e,r,i,t,s, ,i,t,s, ,b,a,s,e
f,u,n,c,t,i,o,n,a,l,i,t,y, ,f,r,o,m, ,t,h,e, ,o,b,j,e,c,t, ,c,l,a,s,s, ,i,t
r,e,l,i,e,s, ,o,n, ,a, ,t,e,c,h,n,i,q,u,e, ,c,a,l,l,e,d, ,p,r,o,t,o,t,y,p,a,l
i,n,h,e,r,i,t,a,n,c,e, ,w,h,e,r,e, ,a,n, ,o,b,j,e,c,t, ,c,a,n, ,b,e
c,l,o,n,e,d, ,m,u,l,t,i,p,l,e, ,t,i,m,e,s, ,t,o, ,c,r,e,a,t,e, ,a, ,c,h,a,i,n
o,f, ,a,n,c,e,s,t,o,r,s, ,w,h,e,r,e, ,t,h,e, ,c,h,i,l,d, ,i,n,h,e,r,i,t,s
t,h,e, ,p,r,o,p,e,r,t,i,e,s, ,a,n,d, ,m,e,t,h,o,d,s, ,o,f, ,i,t,s
a,n,c,e,s,t,o,r,s, ,t,h,i,s, ,i,s, ,d,i,f,f,e,r,e,n,t, ,f,r,o,m
c,l,a,s,s,-,b,a,s,e,d, ,i,n,h,e,r,i,t,a,n,c,e, ,w,h,i,c,h, ,i,s, ,k,i,n,d, ,o,f
c,o,n,f,u,s,i,n,g, ,b,e,c,a,u,s,e, ,j,a,v,a,s,c,r,i,p,t, ,a,l,s,o
s,u,p,p,o,r,t,s, ,c,l,a,s,s,e,s, ,h,o,w,e,v,e,r, ,t,h,e,s,e, ,c,l,a,s,s,e,s
a,r,e, ,j,u,s,t, ,s,y,n,t,a,c,t,i,c, ,s,u,g,a,r, ,f,o,r, ,p,r,o,t,o,t,y,p,a,l
i,n,h,e,r,i,t,a,n,c,e, ,b,u,t, ,n,o,w, ,w,e,',r,e, ,g,e,t,t,i,n,g, ,a
l,i,t,t,l,e, ,t,o,o, ,l,o,w, ,l,e,v,e,l, ,m,o,s,t, ,d,e,v,e,l,o,p,e,r,s
d,o,n,',t, ,e,v,e,r, ,w,a,n,t, ,t,o, ,h,a,v,e, ,t,o, ,t,o,u,c,h, ,t,h,e
w,o,r,d, ,p,r,o,t,o,t,y,p,e, ,s,o, ,w,h,a,t, ,w,e, ,d,o, ,i,n,s,t,e,a,d, ,i,s
u,s,e, ,a, ,f,r,o,n,t,-,e,n,d, ,f,r,a,m,e,w,o,r,k, ,l,i,k,e, ,r,e,a,c,t
v,i,e,w, ,s,p,e,l,t, ,a,n,g,u,l,a,r, ,a,n,d, ,s,o, ,o,n, ,a,l,l, ,o,f
t,h,e,s,e, ,f,r,a,m,e,w,o,r,k,s, ,d,o, ,t,h,e, ,s,a,m,e, ,t,h,i,n,g, ,i,n, ,a
s,l,i,g,h,t,l,y, ,d,i,f,f,e,r,e,n,t, ,w,a,y, ,w,h,i,c,h, ,i,s
r,e,p,r,e,s,e,n,t, ,t,h,e, ,u,i, ,a,s, ,a, ,t,r,e,e, ,o,f, ,c,o,m,p,o,n,e,n,t,s
a, ,c,o,m,p,o,n,e,n,t, ,c,a,n, ,e,n,c,a,p,s,u,l,a,t,e, ,h,t,m,l, ,c,s,s, ,a,n,d
j,a,v,a,s,c,r,i,p,t, ,i,n,t,o, ,a, ,f,o,r,m,a,t, ,t,h,a,t, ,l,o,o,k,s, ,l,i,k,e
i,t,s, ,o,w,n, ,c,u,s,t,o,m, ,h,t,m,l, ,e,l,e,m,e,n,t, ,m,o,s,t
i,m,p,o,r,t,a,n,t,l,y, ,t,h,e,y, ,p,r,o,d,u,c,e, ,d,e,c,l,a,r,a,t,i,v,e
c,o,d,e, ,t,h,a,t, ,d,e,s,c,r,i,b,e,s, ,e,x,a,c,t,l,y, ,w,h,a,t, ,t,h,e, ,u,i
d,o,e,s, ,a,n,d, ,t,h,a,t,',s, ,m,u,c,h, ,e,a,s,i,e,r, ,t,o, ,w,o,r,k, ,w,i,t,h
t,h,a,n, ,i,m,p,e,r,a,t,i,v,e, ,c,o,d,e, ,t,h,a,t, ,y,o,u, ,w,o,u,l,d
n,o,r,m,a,l,l,y, ,g,e,t, ,w,i,t,h, ,j,u,s,t, ,p,l,a,i,n, ,v,a,n,i,l,l,a
j,a,v,a,s,c,r,i,p,t, ,a,t, ,t,h,i,s, ,p,o,i,n,t, ,w,e,',v,e, ,t,a,k,e,n, ,a
l,o,o,k, ,a,t, ,t,h,e, ,f,r,o,n,t,e,n,d, ,s,t,a,c,k, ,b,u,t, ,n,o,w, ,w,e
n,e,e,d, ,t,o, ,s,w,i,t,c,h, ,g,e,a,r,s, ,t,o, ,t,h,e, ,b,a,c,k, ,e,n,d
s,t,a,r,t,i,n,g, ,w,i,t,h, ,n,o,d,e,j,s, ,w,h,i,c,h, ,i,s, ,a
s,e,r,v,e,r,-,s,i,d,e, ,r,u,n,t,i,m,e, ,b,a,s,e,d, ,o,n, ,j,a,v,a,s,c,r,i,p,t
y,o,u, ,c,a,n, ,r,u,n, ,s,e,r,v,e,r,-,s,i,d,e, ,c,o,d,e, ,f,o,r, ,w,e,b
a,p,p,l,i,c,a,t,i,o,n,s, ,i,n, ,a,l,l, ,k,i,n,d,s, ,o,f, ,d,i,f,f,e,r,e,n,t
l,a,n,g,u,a,g,e,s, ,b,u,t, ,n,o,d,e, ,i,s, ,t,h,e, ,m,o,s,t, ,p,o,p,u,l,a,r
b,e,c,a,u,s,e, ,i,t, ,r,e,l,i,e,s, ,o,n, ,t,h,e, ,s,a,m,e, ,l,a,n,g,u,a,g,e
a,s, ,t,h,e, ,b,r,o,w,s,e,r, ,i,t,',s, ,a,l,s,o, ,b,a,s,e,d, ,o,n, ,t,h,e
s,a,m,e, ,v,8, ,e,n,g,i,n,e, ,t,h,a,t, ,p,o,w,e,r,s, ,t,h,e, ,c,h,r,o,m,i,u,m
b,r,o,w,s,e,r, ,t,o, ,r,u,n, ,c,o,d,e, ,i,n, ,a, ,s,i,n,g,l,e, ,t,h,r,e,a,d,e,d
n,o,n,-,b,l,o,c,k,i,n,g, ,e,v,e,n,t, ,l,o,o,p, ,t,h,i,s, ,a,l,l,o,w,s, ,n,o,d,e
t,o, ,h,a,n,d,l,e, ,m,a,n,y, ,s,i,m,u,l,t,a,n,e,o,u,s, ,c,o,n,n,e,c,t,i,o,n,s
q,u,i,c,k,l,y, ,a,n,d, ,e,f,f,i,c,i,e,n,t,l,y, ,i,n, ,a,d,d,i,t,i,o,n, ,i,t
a,l,l,o,w,s, ,d,e,v,e,l,o,p,e,r,s, ,t,o, ,s,h,a,r,e, ,w,o,r,k, ,r,e,m,o,t,e,l,y
t,h,a,n,k,s, ,t,o, ,t,h,e, ,n,o,d,e, ,p,a,c,k,a,g,e, ,m,a,n,a,g,e,r, ,a
p,a,c,k,a,g,e, ,i,s, ,a,l,s,o, ,c,a,l,l,e,d, ,a, ,m,o,d,u,l,e, ,w,h,i,c,h, ,i,s
j,u,s,t, ,a, ,f,i,l,e, ,t,h,a,t, ,c,o,n,t,a,i,n,s, ,s,o,m,e, ,c,o,d,e, ,w,i,t,h
a,n, ,e,x,p,o,r,t, ,s,t,a,t,e,m,e,n,t, ,s,o, ,i,t, ,c,a,n, ,b,e, ,u,s,e,d, ,i,n
a,n,o,t,h,e,r, ,f,i,l,e, ,t,h,e, ,f,i,l,e, ,c,a,n, ,c,o,n,s,u,m,e, ,a
m,o,d,u,l,e, ,w,i,t,h, ,a,n, ,i,m,p,o,r,t, ,s,t,a,t,e,m,e,n,t, ,b,u,t, ,n,o,w
w,e, ,n,e,e,d, ,t,o, ,t,h,i,n,k, ,a,b,o,u,t, ,h,o,w, ,t,o, ,d,e,l,i,v,e,r
t,h,e, ,a,c,t,u,a,l, ,w,e,b,s,i,t,e, ,f,r,o,m, ,t,h,e, ,s,e,r,v,e,r, ,t,o
t,h,e, ,c,l,i,e,n,t, ,t,h,e, ,c,l,a,s,s,i,c, ,o,p,t,i,o,n, ,i,s, ,s,e,r,v,e,r
s,i,d,e, ,r,e,n,d,e,r,i,n,g, ,i,n, ,t,h,i,s, ,a,p,p,r,o,a,c,h, ,t,h,e
c,l,i,e,n,t, ,w,i,l,l, ,m,a,k,e, ,a, ,g,e,t, ,r,e,q,u,e,s,t, ,f,o,r, ,a
c,e,r,t,a,i,n, ,u,r,l, ,e,v,e,r,y, ,r,e,q,u,e,s,t, ,h,a,s, ,a,n, ,h,t,t,p
m,e,t,h,o,d, ,a,n,d, ,g,i,t, ,m,e,a,n,s, ,y,o,u, ,w,a,n,t, ,t,o
r,e,t,r,i,e,v,e, ,d,a,t,a, ,f,r,o,m, ,a, ,s,e,r,v,e,r, ,a,s, ,o,p,p,o,s,e,d
t,o, ,m,e,t,h,o,d,s, ,l,i,k,e, ,p,o,s,t, ,a,n,d, ,p,a,t,c,h, ,w,h,e,r,e, ,t,h,e
i,n,t,e,n,t, ,i,s, ,t,o, ,m,o,d,i,f,y, ,d,a,t,a, ,t,h,e, ,s,e,r,v,e,r
r,e,c,e,i,v,e,s, ,t,h,e, ,r,e,q,u,e,s,t, ,a,n,d, ,t,h,e,n, ,g,e,n,e,r,a,t,e,s
a,l,l, ,t,h,e, ,h,t,m,l, ,o,n, ,t,h,e, ,s,e,r,v,e,r, ,a,n,d, ,s,e,n,d,s, ,i,t
b,a,c,k, ,t,o, ,t,h,e, ,c,l,i,e,n,t, ,a,s, ,a, ,r,e,s,p,o,n,s,e, ,t,h,e
r,e,s,p,o,n,s,e, ,c,o,n,t,a,i,n,s, ,a, ,s,t,a,t,u,s, ,c,o,d,e, ,l,i,k,e, ,2,0,0
f,o,r, ,s,u,c,c,e,s,s, ,o,r, ,l,e,v,e,l,s, ,4, ,a,n,d, ,5,0,0, ,f,o,r
e,r,r,o,r,s, ,f,o,r, ,e,x,a,m,p,l,e, ,i,f, ,t,h,e, ,w,e,b, ,p,a,g,e
d,o,e,s,n,',t, ,e,x,i,s,t, ,t,h,e, ,s,e,r,v,e,r, ,w,i,l,l, ,r,e,t,u,r,n, ,a
4,0,4, ,s,t,a,t,u,s, ,c,o,d,e, ,w,h,i,c,h, ,y,o,u,',v,e, ,l,i,k,e,l,y, ,s,e,e,n
b,e,f,o,r,e, ,a,s, ,a, ,w,e,b, ,u,s,e,r, ,s,s,r, ,i,s, ,e,x,t,r,e,m,e,l,y
p,o,p,u,l,a,r, ,b,u,t, ,i,n, ,s,o,m,e, ,c,a,s,e,s, ,i,t, ,m,a,y, ,n,o,t, ,b,e
f,a,s,t, ,e,n,o,u,g,h, ,a,n,o,t,h,e,r, ,a,p,p,r,o,a,c,h, ,i,s, ,t,h,e
s,i,n,g,l,e, ,p,a,g,e, ,a,p,p,l,i,c,a,t,i,o,n, ,w,i,t,h, ,t,h,i,s
a,p,p,r,o,a,c,h, ,t,h,e, ,s,e,r,v,e,r, ,o,n,l,y, ,r,e,n,d,e,r,s, ,a, ,s,h,e,l,l
f,o,r, ,t,h,e, ,r,o,o,t, ,u,r,l, ,t,h,e,n, ,j,a,v,a,s,c,r,i,p,t, ,h,a,n,d,l,e,s
t,h,e, ,r,e,n,d,e,r,i,n,g, ,f,o,r, ,a,l,l, ,o,t,h,e,r, ,p,a,g,e,s, ,o,n, ,t,h,e
w,e,b,s,i,t,e, ,t,h,e, ,h,t,m,l, ,i,s, ,g,e,n,e,r,a,t,e,d, ,a,l,m,o,s,t
e,n,t,i,r,e,l,y, ,c,l,i,e,n,t,-,s,i,d,e, ,i,n, ,t,h,e, ,b,r,o,w,s,e,r
m,a,k,i,n,g, ,t,h,e, ,w,e,b,s,i,t,e, ,f,e,e,l, ,m,o,r,e, ,l,i,k,e, ,a
n,a,t,i,v,e, ,i,o,s, ,o,r, ,a,n,d,r,o,i,d, ,a,p,p, ,w,h,e,n, ,t,h,e, ,a,p,p
n,e,e,d,s, ,m,o,r,e, ,d,a,t,a, ,i,t, ,s,t,i,l,l, ,m,a,k,e,s, ,a,n, ,h,t,t,p
r,e,q,u,e,s,t, ,b,u,t, ,o,n,l,y, ,r,e,q,u,e,s,t,s, ,a, ,m,i,n,i,m,a,l
a,m,o,u,n,t, ,o,f, ,d,a,t,a, ,a,s, ,j,s,o,n, ,w,h,i,c,h, ,i,s, ,c,a,l,l,e,d, ,a
d,a,t,a, ,i,n,t,e,r,c,h,a,n,g,e, ,f,o,r,m,a,t, ,t,h,a,t, ,c,a,n, ,b,e
u,n,d,e,r,s,t,o,o,d, ,b,y, ,a,n,y, ,p,r,o,g,r,a,m,m,i,n,g, ,l,a,n,g,u,a,g,e
t,h,i,s, ,c,a,n, ,r,e,s,u,l,t, ,i,n, ,a, ,g,r,e,a,t, ,u,s,e,r
e,x,p,e,r,i,e,n,c,e, ,h,o,w,e,v,e,r, ,i,t, ,c,a,n, ,b,e, ,v,e,r,y
d,i,f,f,i,c,u,l,t, ,f,o,r, ,b,o,t,s, ,l,i,k,e, ,s,e,a,r,c,h, ,e,n,g,i,n,e,s
a,n,d, ,s,o,c,i,a,l, ,m,e,d,i,a, ,l,i,n,k, ,p,r,e,v,i,e,w,s, ,t,o
u,n,d,e,r,s,t,a,n,d, ,c,o,n,t,e,n,t, ,o,n, ,t,h,e, ,p,a,g,e, ,t,h,i,s, ,l,e,d
t,o, ,a,n,o,t,h,e,r, ,r,e,n,d,e,r,i,n,g, ,s,t,r,a,t,e,g,y, ,c,a,l,l,e,d
s,t,a,t,i,c, ,s,i,t,e, ,g,e,n,e,r,a,t,i,o,n, ,i,n, ,t,h,i,s, ,c,a,s,e
e,v,e,r,y, ,w,e,b,p,a,g,e, ,o,n, ,t,h,e, ,s,i,t,e, ,i,s, ,u,p,l,o,a,d,e,d, ,t,o
a, ,s,e,r,v,e,r, ,i,n, ,a,d,v,a,n,c,e, ,a,l,l,o,w,i,n,g, ,b,o,t,s, ,t,o, ,g,e,t
t,h,e, ,i,n,f,o,r,m,a,t,i,o,n, ,t,h,e,y, ,n,e,e,d, ,a, ,f,r,o,n,t,-,e,n,d
j,a,v,a,s,c,r,i,p,t, ,f,r,a,m,e,w,o,r,k, ,u,s,u,a,l,l,y, ,t,a,k,e,s, ,o,v,e,r
t,o, ,h,y,d,r,a,t,e, ,t,h,e, ,h,t,m,l, ,t,o, ,m,a,k,e, ,i,t, ,f,u,l,l,y
i,n,t,e,r,a,c,t,i,v,e, ,a,n,d, ,b,e,h,a,v,e, ,l,i,k,e, ,a, ,s,i,n,g,l,e
p,a,g,e, ,a,p,p,l,i,c,a,t,i,o,n, ,p,e,r,f,o,r,m,a,n,c,e, ,i,s
e,x,t,r,e,m,e,l,y, ,i,m,p,o,r,t,a,n,t, ,a,n,d, ,y,o,u,',l,l, ,w,a,n,t, ,t,o
u,s,e, ,t,o,o,l,s, ,l,i,k,e, ,l,i,g,h,t,h,o,u,s,e, ,t,o, ,o,p,t,i,m,i,z,e
m,e,t,r,i,c,s, ,l,i,k,e, ,f,i,r,s,t, ,c,o,n,t,e,n,t,f,u,l, ,p,a,i,n,t, ,a,n,d
t,i,m,e, ,t,o, ,i,n,t,e,r,a,c,t,i,v,e, ,n,o,w, ,t,o, ,i,m,p,l,e,m,e,n,t, ,o,n,e
o,f, ,t,h,e,s,e, ,p,a,t,t,e,r,n,s, ,m,o,s,t, ,d,e,v,e,l,o,p,e,r,s, ,w,i,l,l
u,s,e, ,a, ,f,u,l,l, ,s,t,a,c,k, ,f,r,a,m,e,w,o,r,k, ,l,i,k,e, ,n,e,x,t, ,j,s
r,u,b,y, ,o,n, ,r,a,i,l,s, ,l,a,r,a,v,e,l, ,a,n,d, ,s,o, ,o,n, ,t,h,e,y
a,b,s,t,r,a,c,t, ,a,w,a,y, ,m,a,n,y, ,o,f, ,t,h,e, ,m,o,r,e, ,t,e,d,i,o,u,s
t,h,i,n,g,s, ,d,e,v,e,l,o,p,e,r,s, ,d,o,n,',t, ,w,a,n,t, ,t,o, ,d,e,a,l
w,i,t,h, ,o,n,e, ,o,f, ,w,h,i,c,h, ,i,s, ,m,o,d,u,l,e, ,b,u,n,d,l,e,r,s
w,h,i,c,h, ,a,r,e, ,t,o,o,l,s, ,l,i,k,e, ,w,e,b,p,a,c,k, ,a,n,d, ,v,e,e,d
t,h,a,t, ,t,a,k,e, ,a,l,l, ,o,f, ,y,o,u,r, ,j,a,v,a,s,c,r,i,p,t, ,c,s,s, ,a,n,d
h,t,m,l, ,a,n,d, ,p,a,c,k,a,g,e, ,i,t, ,i,n, ,a, ,w,a,y, ,t,h,a,t, ,c,a,n
a,c,t,u,a,l,l,y, ,w,o,r,k, ,i,n, ,a, ,b,r,o,w,s,e,r, ,t,h,e,y, ,m,i,g,h,t
a,l,s,o, ,p,r,o,v,i,d,e, ,a, ,l,i,n,t,e,r, ,l,i,k,e, ,e,s,l,i,n,t, ,t,o
w,a,r,n, ,y,o,u, ,w,h,e,n, ,y,o,u,r, ,c,o,d,e, ,d,o,e,s,n,',t, ,f,o,l,l,o,w
t,h,e, ,p,r,o,p,e,r, ,s,t,y,l,e, ,g,u,i,d,e,l,i,n,e,s, ,o,h, ,a,n,d, ,i
a,l,m,o,s,t, ,f,o,r,g,o,t, ,y,o,u, ,a,r,e, ,d,e,f,i,n,i,t,e,l,y, ,g,o,i,n,g
t,o, ,n,e,e,d, ,a, ,d,a,t,a,b,a,s,e, ,t,o, ,b,u,i,l,d, ,a, ,f,u,l,l, ,s,t,a,c,k
w,e,b, ,a,p,p,l,i,c,a,t,i,o,n, ,b,e,c,a,u,s,e, ,y,o,u, ,n,e,e,d
s,o,m,e,w,h,e,r,e, ,t,o, ,s,t,o,r,e, ,y,o,u,r, ,d,a,t,a, ,l,i,k,e, ,d,a,t,a
a,b,o,u,t, ,y,o,u,r, ,u,s,e,r,s, ,b,u,t, ,i,n, ,o,r,d,e,r, ,t,o, ,g,e,t
t,h,a,t, ,d,a,t,a, ,y,o,u,',l,l, ,n,e,e,d, ,t,o, ,g,i,v,e, ,u,s,e,r,s, ,a
w,a,y, ,t,o, ,l,o,g, ,i,n, ,v,i,a, ,a, ,p,r,o,c,e,s,s, ,c,a,l,l,e,d, ,u,s,e,r
a,u,t,h,e,n,t,i,c,a,t,i,o,n, ,n,o,w, ,b,e,f,o,r,e, ,y,o,u, ,d,e,p,l,o,y
y,o,u,r, ,c,o,d,e, ,y,o,u,',l,l, ,n,e,e,d, ,t,o, ,t,e,s,t, ,i,t, ,w,i,t,h, ,a
w,e,b, ,s,e,r,v,e,r, ,t,h,e,r,e, ,a,r,e, ,t,o,o,l,s, ,l,i,k,e, ,n,g,i,n,x
a,n,d, ,a,p,a,c,h,e, ,y,o,u, ,c,r,e,a,t,e, ,a,n, ,h,t,t,p, ,s,e,r,v,e,r, ,b,u,t
y,o,u,r, ,f,r,a,m,e,w,o,r,k, ,w,i,l,l, ,l,i,k,e,l,y, ,d,o, ,t,h,i,s, ,f,o,r
y,o,u, ,b,y, ,s,e,r,v,i,n,g, ,t,h,e, ,f,i,l,e,s, ,o,n, ,l,o,c,a,l,h,o,s,t
w,h,i,c,h, ,m,a,k,e,s, ,y,o,u,r, ,o,w,n, ,i,p, ,a,d,d,r,e,s,s, ,b,e,h,a,v,e
l,i,k,e, ,a, ,r,e,m,o,t,e, ,w,e,b, ,s,e,r,v,e,r, ,w,h,e,n, ,i,t, ,c,o,m,e,s
t,i,m,e, ,t,o, ,d,e,p,l,o,y, ,y,o,u,',l,l, ,l,i,k,e,l,y, ,u,s,e, ,a, ,b,i,g
c,l,o,u,d, ,p,r,o,v,i,d,e,r, ,l,i,k,e, ,a,w,s, ,m,o,s,t, ,a,p,p,s, ,a,r,e
c,o,n,t,a,i,n,e,r,i,z,e,d, ,w,i,t,h, ,d,o,c,k,e,r, ,m,a,k,i,n,g, ,t,h,e,m
e,a,s,y, ,t,o, ,s,c,a,l,e, ,u,p, ,a,n,d, ,d,o,w,n, ,b,a,s,e,d, ,o,n, ,t,h,e
a,m,o,u,n,t, ,o,f, ,t,r,a,f,f,i,c, ,t,h,a,t, ,t,h,e,y, ,r,e,c,e,i,v,e
t,h,e,r,e, ,a,r,e, ,m,a,n,y, ,t,o,o,l,s, ,o,u,t, ,t,h,e,r,e, ,t,h,a,t
f,u,n,c,t,i,o,n, ,a,s, ,a, ,p,l,a,t,f,o,r,m, ,a,s, ,a, ,s,e,r,v,i,c,e, ,t,o
m,a,n,a,g,e, ,t,h,i,s, ,i,n,f,r,a,s,t,r,u,c,t,u,r,e, ,f,o,r, ,y,o,u, ,i,n
e,x,c,h,a,n,g,e, ,f,o,r, ,y,o,u,r, ,m,o,n,e,y, ,o,r, ,i,f, ,y,o,u, ,d,o,n,',t
w,a,n,t, ,t,o, ,g,e,t, ,l,o,c,k,e,d, ,i,n, ,w,i,t,h, ,a, ,g,i,a,n,t, ,t,e,c,h
c,o,r,p,o,r,a,t,i,o,n, ,y,o,u, ,m,i,g,h,t, ,h,o,s,t, ,y,o,u,r, ,a,p,p, ,o,n, ,a
d,e,c,e,n,t,r,a,l,i,z,e,d, ,b,l,o,c,k,c,h,a,i,n, ,w,i,t,h, ,w,e,b,3, ,a,n,d
t,h,a,t,',s, ,a,b,o,u,t, ,o,n,e, ,p,e,r,c,e,n,t, ,o,f, ,w,h,a,t, ,y,o,u,',l,l
n,e,e,d, ,t,o, ,k,n,o,w, ,t,o, ,c,a,l,l, ,y,o,u,r,s,e,l,f, ,a, ,f,u,l,l
s,t,a,c,k, ,w,e,b, ,d,e,v,e,l,o,p,e,r, ,i,f, ,t,h,a,t, ,s,e,e,m,s
o,v,e,r,w,h,e,l,m,i,n,g, ,d,o,n,',t, ,w,o,r,r,y, ,t,o,o, ,m,u,c,h, ,a,l,m,o,s,t
n,o,b,o,d,y, ,k,n,o,w,s, ,w,h,a,t, ,t,h,e, ,h,e,l,l, ,t,h,e,y,',r,e, ,d,o,i,n,g
a,n,d, ,w,e, ,a,l,l, ,j,u,s,t, ,u,s,e, ,g,o,o,g,l,e, ,t,o, ,f,i,g,u,r,e
t,h,i,n,g,s, ,o,u,t, ,o,n, ,t,h,e, ,f,l,y, ,c,o,n,g,r,a,t,u,l,a,t,i,o,n,s
y,o,u, ,j,u,s,t, ,p,a,s,s,e,d, ,w,e,b, ,d,e,v,e,l,o,p,m,e,n,t, ,1,0,1
t,h,a,n,k,s, ,f,o,r, ,w,a,t,c,h,i,n,g, ,a,n,d, ,i, ,w,i,l,l, ,s,e,e, ,y,o,u
i,n, ,t,h,e, ,n,e,x,t, ,o,n,e
